{
  "1": "November 20, 2002",
  "2": "The most notable building in Pitt is the Cathedral of Learning. It is the tallest educational building in the Western Hemisphere and is home to many of the university's departments.",
  "3": "Pittsburgh sports teams share the same team colors, the official city colors of black and gold.",
  "4": "The first IBM computer arrived on campus in 1960.",
  "5": "15201",
  "6": "Pittsburgh's Earned Income Tax revenue is not found in the documents.",
  "7": "Not found.",
  "8": "The Jack Rabbit roller coaster opened at Kennywood in 1920.",
  "9": "There are 260 restaurants in Downtown Pittsburgh.",
  "10": "George Westinghouse built his first factory in the Strip District in 1871.",
  "11": "The height rise of the Duquesne Incline is 400 feet.",
  "12": "The School of Computer Science was established at Carnegie Mellon University in 1973. [227]",
  "13": "The Steelers were originally called the Pittsburgh Pirates.",
  "14": "Not found.",
  "15": "The Pittsburgh Steelers play in Pittsburgh.",
  "16": "- Pittsburgh's NHL team is the Penguins.",
  "17": "CMU has 7 schools and colleges.",
  "18": "- 1893",
  "19": "",
  "20": "There were 71",
  "21": "Carnegie Technical Schools were founded by Andrew Carnegie in 1900.",
  "22": "Not found.",
  "23": "The Roberto Clemente Bridge was built by the Pennsylvania Department of Transportation (PennDOT) in 1963.",
  "24": "The Boulevard of the Allies opened in 1931, providing a direct link from Squirrel Hill to downtown Pittsburgh.",
  "25": "678",
  "26": "$665,619,090",
  "27": "Pittsburgh has 446 bridges.",
  "28": "The Cathedral of Learning is 42 stories tall.",
  "29": "Not found.",
  "30": "Not found.",
  "31": "",
  "32": "Pittsburgh was incorporated as a city on March 18, 1816.",
  "33": "$291,000,000",
  "34": "Not found.",
  "35": "The real estate tax rate in Pittsburgh is 1.5% of the assessed value of the property.",
  "36": "Pittsburgh was known as the \"Iron City\" by 1850.",
  "37": "2005",
  "38": "The minimum income for Pittsburgh's LST exemption is $30,000.",
  "39": "1986",
  "40": "It is on Grant Street",
  "41": "311",
  "42": "The Steelers have won 6 Super Bowls.",
  "43": "The city of Pittsburgh has nine members on the Pittsburgh City Council.",
  "44": "The third quarter Payroll Tax is due in Pittsburgh on September 30th.",
  "45": "184.1 million",
  "46": "PPG Paints Arena is the home of the Pittsburgh Penguins.",
  "47": "The Computer Science Department at Carnegie Mellon University received a $5 million grant from the Richard K. Mellon Foundation in 1985 to formally establish the department.",
  "48": "- 1919",
  "49": "Allegheny county",
  "50": "The Pittsburgh Steelers have won 6 Super Bowls.",
  "51": "Fort Pitt was built in 1761.",
  "52": "Carnegie Mellon University was founded in 1900.",
  "53": "April 30th",
  "54": "Not found.",
  "55": "Not found.",
  "56": "Pittsburgh's Payroll Preparation Tax rate is 1. 5% of gross wages.",
  "57": "Carnegie Mellon University was founded in 1900 by Andrew Carnegie and Andrew Mellon. [227]",
  "58": "The Steelers changed their name in 1933.",
  "59": "412-255-8822",
  "60": "The Ohio River.",
  "61": "Fourth quarter LST is due in Pittsburgh on September 30th.",
  "62": "Not found.",
  "63": "2001",
  "64": "The Monongahela River is 128 miles long.",
  "65": "Pittsburgh's nickname related to steel is \"Steel City\".",
  "66": "",
  "67": "Pittsburgh was incorporated as a city on March 18, 1816.",
  "68": "",
  "69": "The Grammy-winning orchestra that performs in Pittsburgh is the Pittsburgh Symphony Orchestra.",
  "70": "Not found.",
  "71": "Pittsburgh's largest revenue source is the University of Pittsburgh Medical Center, with 48, 000 employees.",
  "72": "Pittsburgh was named for William Pitt the Elder, a British statesman.",
  "73": "It is half a square mile",
  "74": "The Pittsburgh Pirates baseball team, often referred to as the Bucs or the Buccos (derived from buccaneer), is the city's oldest professional sports franchise, having been founded in 1881, and plays in the Central Division of the",
  "75": "Pittsburgh's population in 2020 was 302,971.",
  "76": "0.84",
  "77": "217",
  "78": "There are 14 departments in Pittsburgh's budget.",
  "79": "The Great Fire of Pittsburgh occurred on May 4, 1845.",
  "80": "Not found.",
  "81": "Pittsburgh was named in 1758, by Scottish General John Forbes, in honor of British statesman William Pitt, 1st Earl of Chatham. As Forbes was a Scotsman, he probably pronounced the name",
  "82": "Andrew Carnegie",
  "83": "1834",
  "84": "The Strip District Produce Terminal building is 1, 000 feet long.",
  "85": "The Roberto Clemente Museum is located in the North Side neighborhood of Pittsburgh, Pennsylvania. It is dedicated to the memory of Roberto Clemente, a professional baseball player who played for the Pittsburgh Pirates from 1955 to 1972. The museum features",
  "86": "Pittsburgh was named after William Pitt, 1st Earl of Chatham.",
  "87": "The University of Pittsburgh was chartered in 1787.",
  "88": "The Millvale Music Festival 2025",
  "89": "Not found.",
  "90": "The Pittsburgh City Council has 9 members.",
  "91": "Mayor Gainey lives in the Hill District.",
  "92": "The population of Pittsburgh according to the 2020 census is 302, 971.",
  "93": "John Forbes",
  "94": "The NFL Draft is held annually in April. Pittsburgh hosted the 2022 NFL Draft.",
  "95": "Pittsburgh's pension and OPEB budget is not available.",
  "96": "The Allegheny River and the Monongahela River form the Ohio River in Pittsburgh.",
  "97": "The original name of the land that became Frick Park was the Frick family's estate, called \"Homewood. \"",
  "98": "Pittsburgh was incorporated as a borough on April 22, 1794.",
  "99": "The number one festival in Pittsburgh is the Picklesburgh festival.",
  "100": "The Duquesne Incline is 621 feet long.",
  "101": "The Orwell film is playing at the Carnegie Screenwriters Showcase on October 19th.",
  "102": "You must be 14 years old or older to volunteer with the PSO.",
  "103": "The Pittsburgh Historical Society was founded in 1849 by a group of prominent Pittsburgh citizens, including Andrew Carnegie, Henry Clay Frick, and Thomas Mellon. The society was established to collect and preserve historical artifacts and documents related to the city and region,",
  "104": "Not found.",
  "105": "412-392-4900",
  "106": "The oldest car of what make (brand) is located at Pittsburgh's \"People Museum\"?",
  "107": "$150 million",
  "108": "The artifacts from the TV set are displayed at Pittsburgh's \"People Museum\".",
  "109": "Drue Heinz",
  "110": "October 19, 2025",
  "111": "The Pittsburgh Symphony Orchestra was the International Classical Music award's artist of the year in 2018.",
  "112": "The café hours are 9: 30 AM - 3: 00 PM.",
  "113": "The first step of renting out the AWAACC is to fill out the rental acquiry form.",
  "114": "The Pittsburgh Opera staging rehearsals take place at the Benedum Center.",
  "115": "4400 Forbes Ave",
  "116": "Steven M. Pavsner",
  "117": "The original location of Pittsburgh's planetarium was in the Oakland neighborhood.",
  "118": "The Mayor",
  "119": "",
  "120": "The first dinosaur fossil added to the Carnegie Museum's collection was a Tyrannosaurus rex skull.",
  "121": "Yes",
  "122": "Clayton Tours are available from 10:15 AM to 3:00 PM on Tuesday through Sunday.",
  "123": "The Pittsburgh Post Gazette lauded the Carnegie Mellon University as \"the single greatest creative force in Pittsburgh because of its spirit of reinvention\".",
  "124": "There is no strict dress code at the Pittsburgh Opera. Patrons are encouraged to wear comfortable clothing that allows them to enjoy the performance without distraction.",
  "125": "",
  "126": "Artists from Cuba",
  "127": "theclementemuseum",
  "128": "$6",
  "129": "The phone number for the Kamin Science Center's special events team is 412-237-3400.",
  "130": "5,000 square feet.",
  "131": "17 years",
  "132": "The Warhol museum contains approximately 10,000 paintings.",
  "133": "The Carnegie Museum of Art is located at 412-622-3131 and can be found on YouTube by searching for \"Carnegie Museum of Art\" and selecting the channel with the most views.",
  "134": "The most ambitious period of growth for Carnegie Museum began in 1895.",
  "135": "The Pittsburgh orchestra was led by Emil Paur in 1898.",
  "136": "Mattress Factory was founded in 1977.",
  "137": "Utah Symphony (USUO)",
  "138": "Roberto Clemente joined the Pittsburgh Pirates in 1955.",
  "139": "historycenter",
  "140": "Not found.",
  "141": "1212 Smallman Street",
  "142": "The Pittsburgh Opera ticket pass that gives one unlimited access to the opera at a low monthly fee is the Opera Pass.",
  "143": "rights@warhol.org",
  "144": "Not found.",
  "145": "It holds more periodicals",
  "146": "The Pittsburgh Opera does not have a chorus, but it does have a children's chorus. To join the children's chorus, you must be between the ages of 8 and 18 and have a strong interest in singing. You can find more information",
  "147": "Acrisure Stadium Parking Lots",
  "148": "The Clemenete museum is located in the Point Breeze neighborhood of Pittsburgh.",
  "149": "39,000",
  "150": "They celebrated the 150th anniversary of Pittsburgh’s founding",
  "151": "- Wallets/wristlets (4\"x6\"x1\"), and medical/diaper bags will be permitted inside PPG Paints Arena and all items are subject to searches upon entrance. Large bags, coolers, backpacks and sealed packages (",
  "152": "The Pittsburgh Opera's 2026-27 season will take place in October 2026.",
  "153": "carnegiemuseumofart",
  "154": "August Wilson",
  "155": "There are 2 contrabassoonists in the pittsburgh orchestra.",
  "156": "16 feet",
  "157": "The most comprehensive single-artist museum in the world is the Andy Warhol Museum in Pittsburgh, Pennsylvania.",
  "158": "Not found.",
  "159": "Mars",
  "160": "Not found.",
  "161": "Not found.",
  "162": "No",
  "163": "The current name of the longest continually running series of classes for young artists in Pittsburgh is \"CAPA\".",
  "164": "The Magic of Motown is a group of powerful vocalists backed by a band delivering all the hits from: The Temptations, The Jackson Five, Diana Ross & The Supremes, Marvin Gaye, Aretha Franklin etc.",
  "165": "Greer Cabaret Theater.",
  "166": "Yoga at CMOA, 7-8 a. m.",
  "167": "The Pittsburgh Opera is currently located in the 2425 Liberty Avenue.",
  "168": "Not found.",
  "169": "Amanda Dunyak Gillen is the Director of Development at The Frick.",
  "170": "The palace of culture was opened in 1895 by the Russian government.",
  "171": "The Buhl Planetarium",
  "172": "Hip Hop Art Camp",
  "173": "The Detre Library & Archives has 1, 000 photographs, prints, and negatives in its collection.",
  "174": "The Warhol museum went through a major redesign in 2019.",
  "175": "",
  "176": "Not found.",
  "177": "Christopher Hahn",
  "178": "The Mattress Factory defines artistic quality as the ability to create an emotional connection with the viewer through the use of unconventional materials and techniques.",
  "179": "A holiday, special event, or a weather-related emergency",
  "180": "The Pittsburgh Symphony Orchestra's advertising team can be reached via email at advertising@pittsburghsymphony.org.",
  "181": "The Pittsburgh Opera's first production was held at the old courthouse in 1803.",
  "182": "- \"In 2025, the pop district in Pittsburgh was launched.\"",
  "183": "Not found.",
  "184": "There are two types of space rentals available through the Pittsburgh Cultural Trust: affordable rate rentals and market rate rentals.",
  "185": "Dippy.",
  "186": "The famous pop art painting, \"Campbell's Soup Cans\", is on display in the Andy Warhol Museum in Pittsburgh, Pennsylvania.",
  "187": "Melia P. Tourangeau is the President and CEO of the August Wilson African American Cultural Center.",
  "188": "The Frick Pittsburgh occupies ancestral lands of the Lenape people.",
  "189": "The Charles \"Teenie\" Harris Archive is currently on exhibit at the Carnegie Museum of Art.",
  "190": "Not found.",
  "191": "Moon Doh is the associate conductor leading the Pittsburgh Symphony Orchestra concerts at Heinz Hall during Light Up Night 2025.",
  "192": "2006.",
  "193": "The Heinz Architectural Center was created in 1993.",
  "194": "Not found.",
  "195": "The Heinz History Center is affiliated with the Smithsonian Institution.",
  "196": "The longest-running exhibition of international art in North America is the Carnegie International, which has been held every two to three years since 1896.",
  "197": "North Shore",
  "198": "Not found.",
  "199": "Not found.",
  "200": "Carnegie Museums celebrated its centennial in 2013.",
  "201": "The University of Pittsburgh sponsors 17 Division I varsity teams.",
  "202": "Highmark Stadium opened in 2019.",
  "203": "The inverted \"Y\" on the Pittsburgh Pirates' City Connect uniform represents the three rivers of Pittsburgh, which converge to form the Ohio River.",
  "204": "Pittsburgh Panthers vs. Eastern Michigan Eagles Petersen Events Center | Capacity: 12508 15261, 3719 Terrace St, Pittsburgh, PA, US Prices from $23 Avg. price ~ $26 14 tickets remaining! Tickets",
  "205": "The Penguins host the Carolina Hurricanes on December 30, 2025 at 7: 00 PM ET.",
  "206": "Ryan Mill",
  "207": "The Penguins will play 6 sets of back-to-back games in 2025-26.",
  "208": "The Pittsburgh Penguins ice hockey club was established in 1967.",
  "209": "The Pittsburgh Steelers helped establish the Pittsburgh Steelers Autism Awareness Foundation with an initial contribution of $1 million to support brain injury research.",
  "210": "The Pittsburgh Steelers will play against the Buffalo Bills on November 30th, 2025.",
  "211": "Not found.",
  "212": "The home bouts for The Steel Hurtin‚The Steel Beamers, and the Blitzburgh Bombers are held at the Garwood Arena in Columbiana, OH.",
  "213": "The University of Pittsburgh, Carnegie Mellon University, and Duquesne University are the three NCAA Division 1 universities in Pittsburgh.",
  "214": "The Pittsburgh Steelers will wear their 1933 Throwback Uniforms against the Green Bay Packers on October 26, 2025.",
  "215": "The Chuck Noll Foundation for Brain Injury Research was launched by the Steelers in 2010.",
  "216": "PPG Paints Arena opened in 2010.",
  "217": "The game between the Cincinnati Bengals and the Pittsburgh Steelers is scheduled for November 16, 2025 at 1:00 PM.",
  "218": "",
  "219": "Oakmont Country Club has hosted the most U.S. Open championships in the Pittsburgh area.",
  "220": "The Steelers Hall of Honor Museum is open from 10 am to 5 pm on weekdays and 10 am to 4 pm on weekends.",
  "221": "$6 million",
  "222": "Wilkes-Barre/Scranton Penguins",
  "223": "The game between the Buffalo Bills and Pittsburgh Steelers is scheduled for November 30, 2025 at 4:25 PM.",
  "224": "Black and gold.",
  "225": "The Penguins' preseason in 2025 started on September 24th.",
  "226": "Kris Letang holds the Pittsburgh Penguins franchise record for most points scored by a defenseman",
  "227": "The Pittsburgh Penguins plan to celebrate the players and builders who have helped transform the club into one of the National Hockey League's elite franchises over the past 58 seasons by relaunching the team's Hall of Fame during the 2025-26 season",
  "228": "They have won the World Series 5 times",
  "229": "Chuck Noll was hired as the Pittsburgh Steelers head coach in 1969.",
  "230": "Mike Sullivan was named head coach of the Pittsburgh Penguins on December 12, 2015.",
  "231": "The Roberto Clemente statue was dedicated outside PNC Park on September 12, 2025.",
  "232": "The colors in the Pittsburgh Steelers logo represent the city of Pittsburgh, Pennsylvania. The black and gold colors are the official colors of the city, and they are shared by all of the city's major professional sports teams. The black-and-gold color scheme",
  "233": "Not found.",
  "234": "PNC Park is the name of the baseball park in Pittsburgh known for its spectacular view of the Downtown skyline.",
  "235": "The Terrible Towel was created by Steelers fan Myron Cope in 1975.",
  "236": "The home venue for the Pittsburgh Maulers in 1984 was Three Rivers Stadium.",
  "237": "",
  "238": "1001 Fifth Avenue, Pittsburgh, PA 15219",
  "239": "The University of Pittsburgh is an NCAA Division 1 university located in Pittsburgh.",
  "240": "The traditional colors for Pittsburgh sports teams are black and gold.",
  "241": "The nickname of the Pittsburgh Steelers is \"The Black and Gold\".",
  "242": "Forbes Field",
  "243": "The seating capacity of Acrisure Stadium is 68400.",
  "244": "The University of Pittsburgh Panthers football team plays at Acrisure Stadium.",
  "245": "The Pittsburgh Pirates returned to the postseason after a 20-season losing record in 2013.",
  "246": "Not found.",
  "247": "The Pittsburgh Steelers played their first playoff game in franchise history in 1972, when they defeated the Oakland Raiders in the AFC Divisional Round.",
  "248": "The Pittsburgh Riverhounds professional soccer team of the USL Championship division wear black and gold colors.",
  "249": "The Pittsburgh Steelers were founded in 1933 by Art Rooney.",
  "250": "Oakmont Country Club has hosted the U.S. Open nine times as of 2025.",
  "251": "1979",
  "252": "Pitt hosts Longwood for men's basketball on December 12, 2025 at 7:00 PM at Petersen Events Center.",
  "253": "The Steelers' strength of schedule ranking for 2025 is not found in the documents.",
  "254": "The Penguins play the Montreal Canadiens at home on Thursday, December 11, 2025.",
  "255": "The Pittsburgh Penguins are a professional ice hockey team based in Pittsburgh, Pennsylvania.",
  "256": "Pitt will play West Virginia in the Backyard Brawl for basketball on February 6, 2026 at the Petersen Events Center.",
  "257": "The Pittsburgh Pirates left Forbes Field in 1970.",
  "258": "",
  "259": "\"Jason Seidling\"",
  "260": "The Penguins will face the New York Rangers in Stockholm for the Global Series.",
  "261": "The Pittsburgh Pirates returned to the postseason in 2025 after a 20-season losing streak.",
  "262": "Not found.",
  "263": "PPG Paints Arena has a capacity of 19, 758 seats.",
  "264": "Hunt Construction Group.",
  "265": "The Pittsburgh Penguins game against the Dallas Stars is scheduled for 04. 05. 25 at 7: 00 PM ET.",
  "266": "The Steelers host the Bengals on November 16, 2025.",
  "267": "The Pittsburgh Penguins vs Nashville Predators game on November 14, 2025, is being held at PPG Paints Arena in Pittsburgh, Pennsylvania.",
  "268": "PPG Paints Arena is located in Pittsburgh, PA.",
  "269": "The Pittsburgh Steelers have won 6 Super Bowl championships.",
  "270": "The home stadium of the Pittsburgh Steelers football team is Acrisure Stadium.",
  "271": "Not found.",
  "272": "The song played during the fourth quarter when the Steelers need a big stop is \"Eye of the Tiger\" by Survivor. This song has become synonymous with the Steelers' ability to come back from behind and win games, and has been played during several of",
  "273": "The nickname \"Pirates\" was first acknowledged on the Pittsburgh baseball team's uniforms in 1912.",
  "274": "The Pittsburgh Pirates moved into Forbes Field in 1909.",
  "275": "October 1, 2000",
  "276": "Not found.",
  "277": "115 Federal St.",
  "278": "The Pittsburgh Penguins will play against the Toronto Maple Leafs on December 23, 2025 at Scotiabank Arena, Toronto",
  "279": "The game between the Washington Capitals and Pittsburgh Penguins is scheduled for Thursday, November 6, 2025 at 7: 30 PM ET.",
  "280": "Not found.",
  "281": "The Pittsburgh Passion women's full-contact football team was formed in 2002.",
  "282": "The game between the Buffalo Sabres and Pittsburgh Penguins is scheduled for Wednesday, November 26, 2025.",
  "283": "Not found.",
  "284": "Willie Stargell has crushed the most career home runs for the Pirates, with 475 home runs.",
  "285": "Not found.",
  "286": "The Pittsburgh Pirates adopted their current black and gold color scheme in 1900.",
  "287": "The Steelers vs Browns game at Acrisure Stadium in 2025 is on October 12, 2025 at 1: 00 pm.",
  "288": "The Penguins host the Anaheim Ducks on December 15, 2025 at 7: 30 PM ET.",
  "289": "The Steelers Hall of Honor Museum is open Monday through Friday from 9: 00 AM to 5: 00 PM. It is closed on weekends and holidays.",
  "290": "The Pittsburgh Pirates have won 7 World Series championships.",
  "291": "The Pittsburgh Steelers moved into Heinz Field in 2001.",
  "292": "The Steelers Hall of Honor Museum opened in 2010.",
  "293": "The Pittsburgh Penguins game against the Philadelphia Flyers is scheduled for Thursday, January 15, 2026.",
  "294": "The Pittsburgh Steelers were established in 1933.",
  "295": "The Western Pennsylvania Sports Museum is located at the Heinz Field Stadium in Pittsburgh, Pennsylvania.",
  "296": "The Great Race 10K is an annual road race in Pittsburgh that attracts nearly 10,000 athletes and has been ranked as a Top 20 Multi-Race Event by USA Track & Field's publication On The Roads.",
  "297": "",
  "298": "The Toronto Maple Leafs vs. Pittsburgh Penguins game is scheduled for Saturday, October 25, 2025 at 7: 00 PM ET at PPG Paints Arena in Pittsburgh, Pennsylvania.",
  "299": "Bill Cowher",
  "300": "Josh Getzoff replaced Steve Mears on the Pittsburgh Penguins radio booth in 2024.",
  "301": "The Pittsburgh Ballet Theatre will perform Dracula in 2025 on October 31st, November 1st, and November 2nd.",
  "302": "All ages, heavy underground show featuring Louisiana's Thou, Michigan's Cloud Rat, and our hometown supporting act Low Cunning. Doom/Sludge/Stoner/Dungeon Synth/Grindcore $15 Advance tickets available online from 9/4 -",
  "303": "The Pittsburgh Vintage Grand Prix has raised over $4 million for charity since its inception in 1983.",
  "304": "Rafael Lucas Rodríguez Caballero is the Costa Rican botanist featured in an exhibition at Hunt Institute through December 17, 2025.",
  "305": "Not found.",
  "306": "",
  "307": "Not found.",
  "308": "Not found.",
  "309": "Not found.",
  "310": "A birthday cake will be cut to celebrate CMU's 125th birthday on November 8, 2025.",
  "311": "The annual food drive runs from October 1 through November 8, 2025.",
  "312": "Not found.",
  "313": "Anthrocon 2025 saw an attendance of 18.353, reclaiming once again its status as the world's largest (worldwide) furcon",
  "314": "One Day to Remember",
  "315": "The family attraction that runs multiple dates and times starting October 10, 2025 at UPMC Events Center is the \"Pittsburgh Panthers vs. NC State Wolfpack\" event.",
  "316": "",
  "317": "Goodlander Cocktail Brewery hosts Cocktails with Kitties on October 10, 2025.",
  "318": "The October Neighborhood Lunch takes place at Mellon Square on October 14, 2025.",
  "319": "Spirit Lodge 242 51st Street, Pittsburgh Lawrenceville FREE Trivia Free to play - Win tickets to events & other prizes - 7-9pm every Monday at Spirit Lodge - 21+ 4125864441",
  "320": "The celebration that takes place during CMU's Homecoming Weekend from November 6-8, 2025 is the Homecoming Game.",
  "321": "You can take a historical walking tour on October 11, 2025 at 11:00 AM at the Warhol and Carnegie Museums.",
  "322": "Not found.",
  "323": "$90,000.",
  "324": "The restaurant hosts the October neighborhood luncheon in North Fayette on October 14, 2025.",
  "325": "Not found.",
  "326": "Not found.",
  "327": "Not found.",
  "328": "A Musical Christmas Carol runs at the Byham Theater on December 20, 2025 at 11:00 AM.",
  "329": "The minimum age to participate in the Great Race 10K is 8 years old.",
  "330": "- Anthrocon first moved to Pittsburgh in 2006.\n- The 2006 Anthrocon was held in Pittsburgh, Pennsylvania, USA.\n- Anthrocon is an annual furry convention held in Pittsburgh, Pennsylvania, USA.\n- The first",
  "331": "",
  "332": "The Nutcracker performances in 2025 by Pittsburgh Ballet Theatre will be held on December 14, 15, 16, 17, 18, 19, 20, 21, 22, 23, 24",
  "333": "Not found.",
  "334": "Tim Burton's The Nightmare Before Christmas is a Halloween event featuring Tim Burton's classic at Heinz Hall on October 25-26, 2025.",
  "335": "The Dollar Bank Children's Fireworks take place at Highmark First Night Pittsburgh at 7:30 PM on November 2, 2025.",
  "336": "",
  "337": "Not found.",
  "338": "Not found.",
  "339": "The Pittsburgh hockey team that plays the New York Islanders on October 9, 2025 is the Pittsburgh Penguins.",
  "340": "Not found.",
  "341": "Not found.",
  "342": "Sidra Bell Dance New York",
  "343": "The 25th anniversary show \"Off the Record XXV: Burgh to the Future!\" will take place at the Byham Theater in Pittsburgh, PA on October 16, 2025.",
  "344": "The Pittsburgh Irish Festival has 3 stages dedicated to performances.",
  "345": "Not found.",
  "346": "Phipps Spring Flower Show opens in 2025 on March 20th.",
  "347": "- Comedy festival",
  "348": "Aakash Odedra Company",
  "349": "The cap on total entrants for the Great Race is 16,500, as of 2015..",
  "350": "The new feature introduced at the 2025 Pittsburgh Irish Festival was the addition of a dedicated children's area, featuring interactive games and activities, storytelling sessions, and traditional Irish music and dance performances.",
  "351": "Claire Rosinkranz performs at PPG Paints Arena on October 15th, 2025.",
  "352": "The length of the UPMC Schenley Oval circuit at the PVGP is 2.5 miles.",
  "353": "",
  "354": "Not found.",
  "355": "Not found.",
  "356": "Carnegie Music Hall of Oakland - Pittsburgh has a capacity of 2676 and hosts events in Pittsburgh.",
  "357": "Utopia, Limited",
  "358": "Open Mic Night at the Community Forge in Wilkinsburg happens on the first Monday of every month at 6-8 PM.",
  "359": "La Bohème will be performed by the Pittsburgh Opera on October 23, 2025.",
  "360": "\"Amanda: She Didn't Mean to Die\" is a theater production that will be performed on October 11, 2025 at the Edward W. Powers Auditorium at DeYor PAC in Youngstown, OH. The production is a chilling",
  "361": "Les Miserables at the Benedum Center in Pittsburgh is scheduled for October 15-17, 2025.",
  "362": "Lakeview performs at Roxian Theatre on October 10, 2025 at 8:00 PM.",
  "363": "The 59th Carnegie International ends on July 25, 2027.",
  "364": "",
  "365": "The Pittsburgh Opera's Fellow Travelers will run in 2025 on November 14th and 15th.",
  "366": "Not found.",
  "367": "The Warhol and Carnegie Museums are celebrating Hispanic Heritage Month with Latin music and dance performances, Spanish-language tours, and silkscreen printing on October 11, 2025.",
  "368": "The exhibition opens at the Posner Center on November 7, 2025.",
  "369": "The Pittsburgh Steelers play the Cleveland Browns on October 12, 2025.",
  "370": "Eternal Beauty",
  "371": "The Peoples Gas Holiday Market will take place from November 20, 2025 to January 2, 2026.",
  "372": "Haunted Prison and Sanitarium - Patrons must be able to walk 3/4 mile and up 3 flights of stairs. This event is not for the faint of heart! Do you have what it takes to survive \"WAR\"",
  "373": "",
  "374": "The price range for the First Night Friends VIP Experience at Highmark First Night Pittsburgh is $50 to $100.",
  "375": "The Carnegie Mellon Tartans play against the West Virginia Mountaineers on November 8, 2025.",
  "376": "The musical that runs from October 7-12, 2025 at the Benedum Center is \"The Phantom of the Opera.\"",
  "377": "The Pittsburgh soccer team that plays on October 11, 2025 is the Pittsburgh Riverhounds SC.",
  "378": "Not found.",
  "379": "Weekly meditation session takes place on Sundays at CMU.",
  "380": "The free Electro Swing Party starts on October 10, 2025 at 8:00 pm.",
  "381": "The Pittsburgh Irish Festival is held at the Pittsburgh Irish Festival.",
  "382": "Not found.",
  "383": "Not found.",
  "384": "The tribute band that performs at Mr. Small's Theatre on October 10, 2025 is The Spill Canvas.",
  "385": "There are 3 Penguins home preseason games at PPG Paints Arena in 2025.",
  "386": "The Handmade Arcade Holiday Market will take place on December 6th and 7th, 2025.",
  "387": "The Pittsburgh Great Race was first established in 1985.",
  "388": "The Pittsburgh Vintage Grand Prix primarily supports the Autism Society of Pittsburgh and the Allegheny County Parks Foundation.",
  "389": "Spooky Spirits Walk",
  "390": "The Irish music session takes place on the first Monday of every month at the Elrama Tavern on State Route 837 in Elrama, PA. All are welcome! The early church began around the dinner table. We have discovered that this form of worship",
  "391": "The Pittsburgh Symphony Orchestra will perform free concerts on Light Up Night 2025 at 6:00 pm and 8:00 pm.",
  "392": "Crafthouse Stage & Grill",
  "393": "Not found.",
  "394": "Tate McRae performs at PPG Paints Arena in Pittsburgh on October 15, 2025 at 7:30 PM.",
  "395": "",
  "396": "",
  "397": "",
  "398": "The Voter Engagement Intern is available to meet with students on Fridays from 10:15 AM to 12:15 PM at the Voter Engagement Internship Office located in the Student Union Building, Room 123.",
  "399": "The event that happens on the first Saturday of every month through December 6, 2025, is the \"Open Mic Coffee House\" at the South Side Presbyterian Church. It is a monthly event that welcomes all to share their songs, poems,",
  "400": "Youngstown Phantoms plays at Covelli Centre on October 10, 2025."
}